Country Name,Country Code,Series Name,Series Code,2010 [YR2010]
Afghanistan,AFG,"Population, total",SP.POP.TOTL,27962207
Afghanistan,AFG,"Mortality rate, infant (per 1,000 live births)",SP.DYN.IMRT.IN,75.1
Afghanistan,AFG,GDP per capita (constant 2005 US$),NY.GDP.PCAP.KD,366.324812864995
Albania,ALB,"Population, total",SP.POP.TOTL,2913021
Albania,ALB,"Mortality rate, infant (per 1,000 live births)",SP.DYN.IMRT.IN,14.8
Albania,ALB,GDP per capita (constant 2005 US$),NY.GDP.PCAP.KD,3604.07977225379
Algeria,DZA,"Population, total",SP.POP.TOTL,36036159
Algeria,DZA,"Mortality rate, infant (per 1,000 live births)",SP.DYN.IMRT.IN,23.5
Algeria,DZA,GDP per capita (constant 2005 US$),NY.GDP.PCAP.KD,3233.17713758566
American Samoa,ASM,"Population, total",SP.POP.TOTL,55636
American Samoa,ASM,"Mortality rate, infant (per 1,000 live births)",SP.DYN.IMRT.IN,..
American Samoa,ASM,GDP per capita (constant 2005 US$),NY.GDP.PCAP.KD,..
Andorra,ADO,"Population, total",SP.POP.TOTL,84419
Andorra,ADO,"Mortality rate, infant (per 1,000 live births)",SP.DYN.IMRT.IN,2.5
Andorra,ADO,GDP per capita (constant 2005 US$),NY.GDP.PCAP.KD,33512.0155315848
Angola,AGO,"Population, total",SP.POP.TOTL,21219954
Angola,AGO,"Mortality rate, infant (per 1,000 live births)",SP.DYN.IMRT.IN,109.6
Angola,AGO,GDP per capita (constant 2005 US$),NY.GDP.PCAP.KD,..
Antigua and Barbuda,ATG,"Population, total",SP.POP.TOTL,87233
Antigua and Barbuda,ATG,"Mortality rate, infant (per 1,000 live births)",SP.DYN.IMRT.IN,7.7
Antigua and Barbuda,ATG,GDP per capita (constant 2005 US$),NY.GDP.PCAP.KD,11602.1422266268
Argentina,ARG,"Population, total",SP.POP.TOTL,41222875
Argentina,ARG,"Mortality rate, infant (per 1,000 live births)",SP.DYN.IMRT.IN,13
Argentina,ARG,GDP per capita (constant 2005 US$),NY.GDP.PCAP.KD,7076.30127208877
Armenia,ARM,"Population, total",SP.POP.TOTL,2963496
Armenia,ARM,"Mortality rate, infant (per 1,000 live births)",SP.DYN.IMRT.IN,16.1
Armenia,ARM,GDP per capita (constant 2005 US$),NY.GDP.PCAP.KD,1997.05226101941
Aruba,ABW,"Population, total",SP.POP.TOTL,101597
Aruba,ABW,"Mortality rate, infant (per 1,000 live births)",SP.DYN.IMRT.IN,..
Aruba,ABW,GDP per capita (constant 2005 US$),NY.GDP.PCAP.KD,..
Australia,AUS,"Population, total",SP.POP.TOTL,22031750
Australia,AUS,"Mortality rate, infant (per 1,000 live births)",SP.DYN.IMRT.IN,4.1
Australia,AUS,GDP per capita (constant 2005 US$),NY.GDP.PCAP.KD,36210.3567594062
Austria,AUT,"Population, total",SP.POP.TOTL,8363404
Austria,AUT,"Mortality rate, infant (per 1,000 live births)",SP.DYN.IMRT.IN,3.6
Austria,AUT,GDP per capita (constant 2005 US$),NY.GDP.PCAP.KD,40119.0830118365
Azerbaijan,AZE,"Population, total",SP.POP.TOTL,9054332
Azerbaijan,AZE,"Mortality rate, infant (per 1,000 live births)",SP.DYN.IMRT.IN,33.9
Azerbaijan,AZE,GDP per capita (constant 2005 US$),NY.GDP.PCAP.KD,3126.72404038035
"Bahamas, The",BHS,"Population, total",SP.POP.TOTL,360830
"Bahamas, The",BHS,"Mortality rate, infant (per 1,000 live births)",SP.DYN.IMRT.IN,11.4
"Bahamas, The",BHS,GDP per capita (constant 2005 US$),NY.GDP.PCAP.KD,21109.0693815754
Bahrain,BHR,"Population, total",SP.POP.TOTL,1261319
Bahrain,BHR,"Mortality rate, infant (per 1,000 live births)",SP.DYN.IMRT.IN,7.1
Bahrain,BHR,GDP per capita (constant 2005 US$),NY.GDP.PCAP.KD,16591.8131412483
Bangladesh,BGD,"Population, total",SP.POP.TOTL,151616777
Bangladesh,BGD,"Mortality rate, infant (per 1,000 live births)",SP.DYN.IMRT.IN,39.2
Bangladesh,BGD,GDP per capita (constant 2005 US$),NY.GDP.PCAP.KD,614.948382131348
Barbados,BRB,"Population, total",SP.POP.TOTL,279566
Barbados,BRB,"Mortality rate, infant (per 1,000 live births)",SP.DYN.IMRT.IN,13.6
Barbados,BRB,GDP per capita (constant 2005 US$),NY.GDP.PCAP.KD,14482.0193695146
Belarus,BLR,"Population, total",SP.POP.TOTL,9490000
Belarus,BLR,"Mortality rate, infant (per 1,000 live births)",SP.DYN.IMRT.IN,4.7
Belarus,BLR,GDP per capita (constant 2005 US$),NY.GDP.PCAP.KD,4524.15816791108
Belgium,BEL,"Population, total",SP.POP.TOTL,10920272
Belgium,BEL,"Mortality rate, infant (per 1,000 live births)",SP.DYN.IMRT.IN,3.6
Belgium,BEL,GDP per capita (constant 2005 US$),NY.GDP.PCAP.KD,38006.9012219214
Belize,BLZ,"Population, total",SP.POP.TOTL,321609
Belize,BLZ,"Mortality rate, infant (per 1,000 live births)",SP.DYN.IMRT.IN,16.3
Belize,BLZ,GDP per capita (constant 2005 US$),NY.GDP.PCAP.KD,3935.10093956136
Benin,BEN,"Population, total",SP.POP.TOTL,9509798
Benin,BEN,"Mortality rate, infant (per 1,000 live births)",SP.DYN.IMRT.IN,71
Benin,BEN,GDP per capita (constant 2005 US$),NY.GDP.PCAP.KD,609.916341323773
Bermuda,BMU,"Population, total",SP.POP.TOTL,65124
Bermuda,BMU,"Mortality rate, infant (per 1,000 live births)",SP.DYN.IMRT.IN,..
Bermuda,BMU,GDP per capita (constant 2005 US$),NY.GDP.PCAP.KD,76393.8313843748
Bhutan,BTN,"Population, total",SP.POP.TOTL,720246
Bhutan,BTN,"Mortality rate, infant (per 1,000 live births)",SP.DYN.IMRT.IN,34.1
Bhutan,BTN,GDP per capita (constant 2005 US$),NY.GDP.PCAP.KD,1788.57864497422
Bolivia,BOL,"Population, total",SP.POP.TOTL,9918245
Bolivia,BOL,"Mortality rate, infant (per 1,000 live births)",SP.DYN.IMRT.IN,36.8
Bolivia,BOL,GDP per capita (constant 2005 US$),NY.GDP.PCAP.KD,1205.2446772042
Bosnia and Herzegovina,BIH,"Population, total",SP.POP.TOTL,3835258
Bosnia and Herzegovina,BIH,"Mortality rate, infant (per 1,000 live births)",SP.DYN.IMRT.IN,6.4
Bosnia and Herzegovina,BIH,GDP per capita (constant 2005 US$),NY.GDP.PCAP.KD,3324.75559930918
Botswana,BWA,"Population, total",SP.POP.TOTL,2047831
Botswana,BWA,"Mortality rate, infant (per 1,000 live births)",SP.DYN.IMRT.IN,39.8
Botswana,BWA,GDP per capita (constant 2005 US$),NY.GDP.PCAP.KD,6061.01327324626
Brazil,BRA,"Population, total",SP.POP.TOTL,198614208
Brazil,BRA,"Mortality rate, infant (per 1,000 live births)",SP.DYN.IMRT.IN,14.8
Brazil,BRA,GDP per capita (constant 2005 US$),NY.GDP.PCAP.KD,5580.94291106739
Brunei Darussalam,BRN,"Population, total",SP.POP.TOTL,393302
Brunei Darussalam,BRN,"Mortality rate, infant (per 1,000 live births)",SP.DYN.IMRT.IN,7.7
Brunei Darussalam,BRN,GDP per capita (constant 2005 US$),NY.GDP.PCAP.KD,25043.6107294163
Bulgaria,BGR,"Population, total",SP.POP.TOTL,7395599
Bulgaria,BGR,"Mortality rate, infant (per 1,000 live births)",SP.DYN.IMRT.IN,11.2
Bulgaria,BGR,GDP per capita (constant 2005 US$),NY.GDP.PCAP.KD,4692.72996042982
Burkina Faso,BFA,"Population, total",SP.POP.TOTL,15632066
Burkina Faso,BFA,"Mortality rate, infant (per 1,000 live births)",SP.DYN.IMRT.IN,69.7
Burkina Faso,BFA,GDP per capita (constant 2005 US$),NY.GDP.PCAP.KD,469.994714424331
Burundi,BDI,"Population, total",SP.POP.TOTL,9461117
Burundi,BDI,"Mortality rate, infant (per 1,000 live births)",SP.DYN.IMRT.IN,63.8
Burundi,BDI,GDP per capita (constant 2005 US$),NY.GDP.PCAP.KD,147.104249780329
Cabo Verde,CPV,"Population, total",SP.POP.TOTL,490379
Cabo Verde,CPV,"Mortality rate, infant (per 1,000 live births)",SP.DYN.IMRT.IN,23.3
Cabo Verde,CPV,GDP per capita (constant 2005 US$),NY.GDP.PCAP.KD,2633.65727710658
Cambodia,KHM,"Population, total",SP.POP.TOTL,14363586
Cambodia,KHM,"Mortality rate, infant (per 1,000 live births)",SP.DYN.IMRT.IN,36.7
Cambodia,KHM,GDP per capita (constant 2005 US$),NY.GDP.PCAP.KD,605.224714468056
Cameroon,CMR,"Population, total",SP.POP.TOTL,20590666
Cameroon,CMR,"Mortality rate, infant (per 1,000 live births)",SP.DYN.IMRT.IN,66.2
Cameroon,CMR,GDP per capita (constant 2005 US$),NY.GDP.PCAP.KD,929.910089649941
Canada,CAN,"Population, total",SP.POP.TOTL,34005274
Canada,CAN,"Mortality rate, infant (per 1,000 live births)",SP.DYN.IMRT.IN,4.9
Canada,CAN,GDP per capita (constant 2005 US$),NY.GDP.PCAP.KD,36465.7116996897
Cayman Islands,CYM,"Population, total",SP.POP.TOTL,55509
Cayman Islands,CYM,"Mortality rate, infant (per 1,000 live births)",SP.DYN.IMRT.IN,..
Cayman Islands,CYM,GDP per capita (constant 2005 US$),NY.GDP.PCAP.KD,..
Central African Republic,CAF,"Population, total",SP.POP.TOTL,4444973
Central African Republic,CAF,"Mortality rate, infant (per 1,000 live births)",SP.DYN.IMRT.IN,101.7
Central African Republic,CAF,GDP per capita (constant 2005 US$),NY.GDP.PCAP.KD,352.268559244451
Chad,TCD,"Population, total",SP.POP.TOTL,11896380
Chad,TCD,"Mortality rate, infant (per 1,000 live births)",SP.DYN.IMRT.IN,93.6
Chad,TCD,GDP per capita (constant 2005 US$),NY.GDP.PCAP.KD,708.21305071007
Channel Islands,CHI,"Population, total",SP.POP.TOTL,159583
Channel Islands,CHI,"Mortality rate, infant (per 1,000 live births)",SP.DYN.IMRT.IN,..
Channel Islands,CHI,GDP per capita (constant 2005 US$),NY.GDP.PCAP.KD,..
Chile,CHL,"Population, total",SP.POP.TOTL,17015048
Chile,CHL,"Mortality rate, infant (per 1,000 live births)",SP.DYN.IMRT.IN,7.6
Chile,CHL,GDP per capita (constant 2005 US$),NY.GDP.PCAP.KD,8677.93541812892
China,CHN,"Population, total",SP.POP.TOTL,1337705000
China,CHN,"Mortality rate, infant (per 1,000 live births)",SP.DYN.IMRT.IN,13.5
China,CHN,GDP per capita (constant 2005 US$),NY.GDP.PCAP.KD,2891.09057900543
Colombia,COL,"Population, total",SP.POP.TOTL,45918101
Colombia,COL,"Mortality rate, infant (per 1,000 live births)",SP.DYN.IMRT.IN,15.9
Colombia,COL,GDP per capita (constant 2005 US$),NY.GDP.PCAP.KD,3984.28995730315
Comoros,COM,"Population, total",SP.POP.TOTL,698695
Comoros,COM,"Mortality rate, infant (per 1,000 live births)",SP.DYN.IMRT.IN,63.1
Comoros,COM,GDP per capita (constant 2005 US$),NY.GDP.PCAP.KD,589.253193048048
"Congo, Dem. Rep.",ZAR,"Population, total",SP.POP.TOTL,65938712
"Congo, Dem. Rep.",ZAR,"Mortality rate, infant (per 1,000 live births)",SP.DYN.IMRT.IN,84.8
"Congo, Dem. Rep.",ZAR,GDP per capita (constant 2005 US$),NY.GDP.PCAP.KD,237.572418866877
"Congo, Rep.",COG,"Population, total",SP.POP.TOTL,4066078
"Congo, Rep.",COG,"Mortality rate, infant (per 1,000 live births)",SP.DYN.IMRT.IN,42.2
"Congo, Rep.",COG,GDP per capita (constant 2005 US$),NY.GDP.PCAP.KD,1931.26320706759
Costa Rica,CRI,"Population, total",SP.POP.TOTL,4545273
Costa Rica,CRI,"Mortality rate, infant (per 1,000 live births)",SP.DYN.IMRT.IN,8.9
Costa Rica,CRI,GDP per capita (constant 2005 US$),NY.GDP.PCAP.KD,5504.14290617609
Cote d'Ivoire,CIV,"Population, total",SP.POP.TOTL,20131707
Cote d'Ivoire,CIV,"Mortality rate, infant (per 1,000 live births)",SP.DYN.IMRT.IN,76.9
Cote d'Ivoire,CIV,GDP per capita (constant 2005 US$),NY.GDP.PCAP.KD,946.982124883033
Croatia,HRV,"Population, total",SP.POP.TOTL,4417781
Croatia,HRV,"Mortality rate, infant (per 1,000 live births)",SP.DYN.IMRT.IN,4.6
Croatia,HRV,GDP per capita (constant 2005 US$),NY.GDP.PCAP.KD,10523.9000135234
Cuba,CUB,"Population, total",SP.POP.TOTL,11308133
Cuba,CUB,"Mortality rate, infant (per 1,000 live births)",SP.DYN.IMRT.IN,4.9
Cuba,CUB,GDP per capita (constant 2005 US$),NY.GDP.PCAP.KD,4902.39497536861
Curacao,CUW,"Population, total",SP.POP.TOTL,148703
Curacao,CUW,"Mortality rate, infant (per 1,000 live births)",SP.DYN.IMRT.IN,..
Curacao,CUW,GDP per capita (constant 2005 US$),NY.GDP.PCAP.KD,..
Cyprus,CYP,"Population, total",SP.POP.TOTL,1103685
Cyprus,CYP,"Mortality rate, infant (per 1,000 live births)",SP.DYN.IMRT.IN,3
Cyprus,CYP,GDP per capita (constant 2005 US$),NY.GDP.PCAP.KD,24852.3736747595
Czech Republic,CZE,"Population, total",SP.POP.TOTL,10474410
Czech Republic,CZE,"Mortality rate, infant (per 1,000 live births)",SP.DYN.IMRT.IN,3.4
Czech Republic,CZE,GDP per capita (constant 2005 US$),NY.GDP.PCAP.KD,14640.3432273344
Denmark,DNK,"Population, total",SP.POP.TOTL,5547683
Denmark,DNK,"Mortality rate, infant (per 1,000 live births)",SP.DYN.IMRT.IN,3.3
Denmark,DNK,GDP per capita (constant 2005 US$),NY.GDP.PCAP.KD,47791.91813926
Djibouti,DJI,"Population, total",SP.POP.TOTL,830802
Djibouti,DJI,"Mortality rate, infant (per 1,000 live births)",SP.DYN.IMRT.IN,62.2
Djibouti,DJI,GDP per capita (constant 2005 US$),NY.GDP.PCAP.KD,1080.39569226852
Dominica,DMA,"Population, total",SP.POP.TOTL,71167
Dominica,DMA,"Mortality rate, infant (per 1,000 live births)",SP.DYN.IMRT.IN,17.2
Dominica,DMA,GDP per capita (constant 2005 US$),NY.GDP.PCAP.KD,6068.22879830383
Dominican Republic,DOM,"Population, total",SP.POP.TOTL,9897983
Dominican Republic,DOM,"Mortality rate, infant (per 1,000 live births)",SP.DYN.IMRT.IN,27.9
Dominican Republic,DOM,GDP per capita (constant 2005 US$),NY.GDP.PCAP.KD,4650.20319845415
Ecuador,ECU,"Population, total",SP.POP.TOTL,14934692
Ecuador,ECU,"Mortality rate, infant (per 1,000 live births)",SP.DYN.IMRT.IN,21.3
Ecuador,ECU,GDP per capita (constant 2005 US$),NY.GDP.PCAP.KD,3283.34263771641
"Egypt, Arab Rep.",EGY,"Population, total",SP.POP.TOTL,82040994
"Egypt, Arab Rep.",EGY,"Mortality rate, infant (per 1,000 live births)",SP.DYN.IMRT.IN,24.3
"Egypt, Arab Rep.",EGY,GDP per capita (constant 2005 US$),NY.GDP.PCAP.KD,1475.1341299991
El Salvador,SLV,"Population, total",SP.POP.TOTL,6038306
El Salvador,SLV,"Mortality rate, infant (per 1,000 live births)",SP.DYN.IMRT.IN,17.1
El Salvador,SLV,GDP per capita (constant 2005 US$),NY.GDP.PCAP.KD,3037.48656326376
Equatorial Guinea,GNQ,"Population, total",SP.POP.TOTL,728710
Equatorial Guinea,GNQ,"Mortality rate, infant (per 1,000 live births)",SP.DYN.IMRT.IN,78.9
Equatorial Guinea,GNQ,GDP per capita (constant 2005 US$),NY.GDP.PCAP.KD,13757.7270035124
Eritrea,ERI,"Population, total",SP.POP.TOTL,4689664
Eritrea,ERI,"Mortality rate, infant (per 1,000 live births)",SP.DYN.IMRT.IN,39.4
Eritrea,ERI,GDP per capita (constant 2005 US$),NY.GDP.PCAP.KD,225.311499174484
Estonia,EST,"Population, total",SP.POP.TOTL,1331475
Estonia,EST,"Mortality rate, infant (per 1,000 live births)",SP.DYN.IMRT.IN,3.6
Estonia,EST,GDP per capita (constant 2005 US$),NY.GDP.PCAP.KD,10328.8369371597
Ethiopia,ETH,"Population, total",SP.POP.TOTL,87561814
Ethiopia,ETH,"Mortality rate, infant (per 1,000 live births)",SP.DYN.IMRT.IN,50.8
Ethiopia,ETH,GDP per capita (constant 2005 US$),NY.GDP.PCAP.KD,237.360381611524
Faeroe Islands,FRO,"Population, total",SP.POP.TOTL,48567
Faeroe Islands,FRO,"Mortality rate, infant (per 1,000 live births)",SP.DYN.IMRT.IN,..
Faeroe Islands,FRO,GDP per capita (constant 2005 US$),NY.GDP.PCAP.KD,..
Fiji,FJI,"Population, total",SP.POP.TOTL,859952
Fiji,FJI,"Mortality rate, infant (per 1,000 live births)",SP.DYN.IMRT.IN,20.3
Fiji,FJI,GDP per capita (constant 2005 US$),NY.GDP.PCAP.KD,3621.82792384369
Finland,FIN,"Population, total",SP.POP.TOTL,5363352
Finland,FIN,"Mortality rate, infant (per 1,000 live births)",SP.DYN.IMRT.IN,2.5
Finland,FIN,GDP per capita (constant 2005 US$),NY.GDP.PCAP.KD,39698.796653136
France,FRA,"Population, total",SP.POP.TOTL,65027512
France,FRA,"Mortality rate, infant (per 1,000 live births)",SP.DYN.IMRT.IN,3.5
France,FRA,GDP per capita (constant 2005 US$),NY.GDP.PCAP.KD,35214.1320806898
French Polynesia,PYF,"Population, total",SP.POP.TOTL,268065
French Polynesia,PYF,"Mortality rate, infant (per 1,000 live births)",SP.DYN.IMRT.IN,..
French Polynesia,PYF,GDP per capita (constant 2005 US$),NY.GDP.PCAP.KD,..
Gabon,GAB,"Population, total",SP.POP.TOTL,1541936
Gabon,GAB,"Mortality rate, infant (per 1,000 live births)",SP.DYN.IMRT.IN,42.8
Gabon,GAB,GDP per capita (constant 2005 US$),NY.GDP.PCAP.KD,6582.14855897591
"Gambia, The",GMB,"Population, total",SP.POP.TOTL,1693002
"Gambia, The",GMB,"Mortality rate, infant (per 1,000 live births)",SP.DYN.IMRT.IN,51.7
"Gambia, The",GMB,GDP per capita (constant 2005 US$),NY.GDP.PCAP.KD,463.238814399004
Georgia,GEO,"Population, total",SP.POP.TOTL,4452800
Georgia,GEO,"Mortality rate, infant (per 1,000 live births)",SP.DYN.IMRT.IN,14.9
Georgia,GEO,GDP per capita (constant 2005 US$),NY.GDP.PCAP.KD,1850.76129646481
Germany,DEU,"Population, total",SP.POP.TOTL,81776930
Germany,DEU,"Mortality rate, infant (per 1,000 live births)",SP.DYN.IMRT.IN,3.5
Germany,DEU,GDP per capita (constant 2005 US$),NY.GDP.PCAP.KD,37204.0765610902
Ghana,GHA,"Population, total",SP.POP.TOTL,24317734
Ghana,GHA,"Mortality rate, infant (per 1,000 live births)",SP.DYN.IMRT.IN,50.2
Ghana,GHA,GDP per capita (constant 2005 US$),NY.GDP.PCAP.KD,605.002870606985
Greece,GRC,"Population, total",SP.POP.TOTL,11153454
Greece,GRC,"Mortality rate, infant (per 1,000 live births)",SP.DYN.IMRT.IN,4.1
Greece,GRC,GDP per capita (constant 2005 US$),NY.GDP.PCAP.KD,21852.9581322982
Greenland,GRL,"Population, total",SP.POP.TOTL,56905
Greenland,GRL,"Mortality rate, infant (per 1,000 live births)",SP.DYN.IMRT.IN,..
Greenland,GRL,GDP per capita (constant 2005 US$),NY.GDP.PCAP.KD,..
Grenada,GRD,"Population, total",SP.POP.TOTL,104677
Grenada,GRD,"Mortality rate, infant (per 1,000 live births)",SP.DYN.IMRT.IN,11.9
Grenada,GRD,GDP per capita (constant 2005 US$),NY.GDP.PCAP.KD,6347.99679500127
Guam,GUM,"Population, total",SP.POP.TOTL,159440
Guam,GUM,"Mortality rate, infant (per 1,000 live births)",SP.DYN.IMRT.IN,..
Guam,GUM,GDP per capita (constant 2005 US$),NY.GDP.PCAP.KD,..
Guatemala,GTM,"Population, total",SP.POP.TOTL,14732261
Guatemala,GTM,"Mortality rate, infant (per 1,000 live births)",SP.DYN.IMRT.IN,28.4
Guatemala,GTM,GDP per capita (constant 2005 US$),NY.GDP.PCAP.KD,2209.90778386867
Guinea,GIN,"Population, total",SP.POP.TOTL,11012406
Guinea,GIN,"Mortality rate, infant (per 1,000 live births)",SP.DYN.IMRT.IN,71.2
Guinea,GIN,GDP per capita (constant 2005 US$),NY.GDP.PCAP.KD,296.720715322749
Guinea-Bissau,GNB,"Population, total",SP.POP.TOTL,1634196
Guinea-Bissau,GNB,"Mortality rate, infant (per 1,000 live births)",SP.DYN.IMRT.IN,73.4
Guinea-Bissau,GNB,GDP per capita (constant 2005 US$),NY.GDP.PCAP.KD,422.173748806526
Guyana,GUY,"Population, total",SP.POP.TOTL,753362
Guyana,GUY,"Mortality rate, infant (per 1,000 live births)",SP.DYN.IMRT.IN,33.5
Guyana,GUY,GDP per capita (constant 2005 US$),NY.GDP.PCAP.KD,1354.68170753403
Haiti,HTI,"Population, total",SP.POP.TOTL,9999617
Haiti,HTI,"Mortality rate, infant (per 1,000 live births)",SP.DYN.IMRT.IN,85.5
Haiti,HTI,GDP per capita (constant 2005 US$),NY.GDP.PCAP.KD,447.474323035379
Honduras,HND,"Population, total",SP.POP.TOTL,7503875
Honduras,HND,"Mortality rate, infant (per 1,000 live births)",SP.DYN.IMRT.IN,20.7
Honduras,HND,GDP per capita (constant 2005 US$),NY.GDP.PCAP.KD,1538.68750929013
"Hong Kong SAR, China",HKG,"Population, total",SP.POP.TOTL,7024200
"Hong Kong SAR, China",HKG,"Mortality rate, infant (per 1,000 live births)",SP.DYN.IMRT.IN,..
"Hong Kong SAR, China",HKG,GDP per capita (constant 2005 US$),NY.GDP.PCAP.KD,31328.5094526526
Hungary,HUN,"Population, total",SP.POP.TOTL,10000023
Hungary,HUN,"Mortality rate, infant (per 1,000 live births)",SP.DYN.IMRT.IN,5.7
Hungary,HUN,GDP per capita (constant 2005 US$),NY.GDP.PCAP.KD,11135.8415101811
Iceland,ISL,"Population, total",SP.POP.TOTL,318041
Iceland,ISL,"Mortality rate, infant (per 1,000 live births)",SP.DYN.IMRT.IN,1.9
Iceland,ISL,GDP per capita (constant 2005 US$),NY.GDP.PCAP.KD,56037.1568677105
India,IND,"Population, total",SP.POP.TOTL,1230984504
India,IND,"Mortality rate, infant (per 1,000 live births)",SP.DYN.IMRT.IN,46.3
India,IND,GDP per capita (constant 2005 US$),NY.GDP.PCAP.KD,1010.30922072591
Indonesia,IDN,"Population, total",SP.POP.TOTL,241613126
Indonesia,IDN,"Mortality rate, infant (per 1,000 live births)",SP.DYN.IMRT.IN,27.4
Indonesia,IDN,GDP per capita (constant 2005 US$),NY.GDP.PCAP.KD,1564.0661087971
"Iran, Islamic Rep.",IRN,"Population, total",SP.POP.TOTL,74253373
"Iran, Islamic Rep.",IRN,"Mortality rate, infant (per 1,000 live births)",SP.DYN.IMRT.IN,16.4
"Iran, Islamic Rep.",IRN,GDP per capita (constant 2005 US$),NY.GDP.PCAP.KD,3758.20208734845
Iraq,IRQ,"Population, total",SP.POP.TOTL,30868156
Iraq,IRQ,"Mortality rate, infant (per 1,000 live births)",SP.DYN.IMRT.IN,30
Iraq,IRQ,GDP per capita (constant 2005 US$),NY.GDP.PCAP.KD,2151.55223091183
Ireland,IRL,"Population, total",SP.POP.TOTL,4560155
Ireland,IRL,"Mortality rate, infant (per 1,000 live births)",SP.DYN.IMRT.IN,3.5
Ireland,IRL,GDP per capita (constant 2005 US$),NY.GDP.PCAP.KD,48209.4852620831
Isle of Man,IMY,"Population, total",SP.POP.TOTL,84327
Isle of Man,IMY,"Mortality rate, infant (per 1,000 live births)",SP.DYN.IMRT.IN,..
Isle of Man,IMY,GDP per capita (constant 2005 US$),NY.GDP.PCAP.KD,..
Israel,ISR,"Population, total",SP.POP.TOTL,7623600
Israel,ISR,"Mortality rate, infant (per 1,000 live births)",SP.DYN.IMRT.IN,3.7
Israel,ISR,GDP per capita (constant 2005 US$),NY.GDP.PCAP.KD,23169.6524938165
Italy,ITA,"Population, total",SP.POP.TOTL,59277417
Italy,ITA,"Mortality rate, infant (per 1,000 live births)",SP.DYN.IMRT.IN,3.4
Italy,ITA,GDP per capita (constant 2005 US$),NY.GDP.PCAP.KD,30788.5385891818
Jamaica,JAM,"Population, total",SP.POP.TOTL,2690824
Jamaica,JAM,"Mortality rate, infant (per 1,000 live births)",SP.DYN.IMRT.IN,15.5
Jamaica,JAM,GDP per capita (constant 2005 US$),NY.GDP.PCAP.KD,4062.28509202909
Japan,JPN,"Population, total",SP.POP.TOTL,128070000
Japan,JPN,"Mortality rate, infant (per 1,000 live births)",SP.DYN.IMRT.IN,2.4
Japan,JPN,GDP per capita (constant 2005 US$),NY.GDP.PCAP.KD,36296.3153992077
Jordan,JOR,"Population, total",SP.POP.TOTL,6046000
Jordan,JOR,"Mortality rate, infant (per 1,000 live births)",SP.DYN.IMRT.IN,17.8
Jordan,JOR,GDP per capita (constant 2005 US$),NY.GDP.PCAP.KD,2818.08638352659
Kazakhstan,KAZ,"Population, total",SP.POP.TOTL,16321581
Kazakhstan,KAZ,"Mortality rate, infant (per 1,000 live births)",SP.DYN.IMRT.IN,19.3
Kazakhstan,KAZ,GDP per capita (constant 2005 US$),NY.GDP.PCAP.KD,4732.71057916896
Kenya,KEN,"Population, total",SP.POP.TOTL,40328313
Kenya,KEN,"Mortality rate, infant (per 1,000 live births)",SP.DYN.IMRT.IN,42.4
Kenya,KEN,GDP per capita (constant 2005 US$),NY.GDP.PCAP.KD,593.336682918563
Kiribati,KIR,"Population, total",SP.POP.TOTL,102648
Kiribati,KIR,"Mortality rate, infant (per 1,000 live births)",SP.DYN.IMRT.IN,48.3
Kiribati,KIR,GDP per capita (constant 2005 US$),NY.GDP.PCAP.KD,1078.28480148875
"Korea, Dem. Rep.",PRK,"Population, total",SP.POP.TOTL,24500506
"Korea, Dem. Rep.",PRK,"Mortality rate, infant (per 1,000 live births)",SP.DYN.IMRT.IN,24.8
"Korea, Dem. Rep.",PRK,GDP per capita (constant 2005 US$),NY.GDP.PCAP.KD,..
"Korea, Rep.",KOR,"Population, total",SP.POP.TOTL,49410366
"Korea, Rep.",KOR,"Mortality rate, infant (per 1,000 live births)",SP.DYN.IMRT.IN,3.5
"Korea, Rep.",KOR,GDP per capita (constant 2005 US$),NY.GDP.PCAP.KD,22236.0948884774
Kosovo,KSV,"Population, total",SP.POP.TOTL,1775680
Kosovo,KSV,"Mortality rate, infant (per 1,000 live births)",SP.DYN.IMRT.IN,..
Kosovo,KSV,GDP per capita (constant 2005 US$),NY.GDP.PCAP.KD,2585.45652774941
Kuwait,KWT,"Population, total",SP.POP.TOTL,3059473
Kuwait,KWT,"Mortality rate, infant (per 1,000 live births)",SP.DYN.IMRT.IN,9.2
Kuwait,KWT,GDP per capita (constant 2005 US$),NY.GDP.PCAP.KD,27981.9439924622
Kyrgyz Republic,KGZ,"Population, total",SP.POP.TOTL,5447900
Kyrgyz Republic,KGZ,"Mortality rate, infant (per 1,000 live births)",SP.DYN.IMRT.IN,26.5
Kyrgyz Republic,KGZ,GDP per capita (constant 2005 US$),NY.GDP.PCAP.KD,560.999137940676
Lao PDR,LAO,"Population, total",SP.POP.TOTL,6260544
Lao PDR,LAO,"Mortality rate, infant (per 1,000 live births)",SP.DYN.IMRT.IN,59
Lao PDR,LAO,GDP per capita (constant 2005 US$),NY.GDP.PCAP.KD,642.410214396141
Latvia,LVA,"Population, total",SP.POP.TOTL,2097555
Latvia,LVA,"Mortality rate, infant (per 1,000 live births)",SP.DYN.IMRT.IN,8.2
Latvia,LVA,GDP per capita (constant 2005 US$),NY.GDP.PCAP.KD,7878.01382640376
Lebanon,LBN,"Population, total",SP.POP.TOTL,4337156
Lebanon,LBN,"Mortality rate, infant (per 1,000 live births)",SP.DYN.IMRT.IN,8.7
Lebanon,LBN,GDP per capita (constant 2005 US$),NY.GDP.PCAP.KD,7090.29345584191
Lesotho,LSO,"Population, total",SP.POP.TOTL,2010586
Lesotho,LSO,"Mortality rate, infant (per 1,000 live births)",SP.DYN.IMRT.IN,75.2
Lesotho,LSO,GDP per capita (constant 2005 US$),NY.GDP.PCAP.KD,876.633875380605
Liberia,LBR,"Population, total",SP.POP.TOTL,3957990
Liberia,LBR,"Mortality rate, infant (per 1,000 live births)",SP.DYN.IMRT.IN,65.2
Liberia,LBR,GDP per capita (constant 2005 US$),NY.GDP.PCAP.KD,196.861811693684
Libya,LBY,"Population, total",SP.POP.TOTL,6265697
Libya,LBY,"Mortality rate, infant (per 1,000 live births)",SP.DYN.IMRT.IN,14.3
Libya,LBY,GDP per capita (constant 2005 US$),NY.GDP.PCAP.KD,9153.1067767845
Liechtenstein,LIE,"Population, total",SP.POP.TOTL,36276
Liechtenstein,LIE,"Mortality rate, infant (per 1,000 live births)",SP.DYN.IMRT.IN,..
Liechtenstein,LIE,GDP per capita (constant 2005 US$),NY.GDP.PCAP.KD,..
Lithuania,LTU,"Population, total",SP.POP.TOTL,3097282
Lithuania,LTU,"Mortality rate, infant (per 1,000 live births)",SP.DYN.IMRT.IN,5.6
Lithuania,LTU,GDP per capita (constant 2005 US$),NY.GDP.PCAP.KD,8942.85108538679
Luxembourg,LUX,"Population, total",SP.POP.TOTL,506953
Luxembourg,LUX,"Mortality rate, infant (per 1,000 live births)",SP.DYN.IMRT.IN,1.9
Luxembourg,LUX,GDP per capita (constant 2005 US$),NY.GDP.PCAP.KD,82399.6349864586
"Macao SAR, China",MAC,"Population, total",SP.POP.TOTL,534626
"Macao SAR, China",MAC,"Mortality rate, infant (per 1,000 live births)",SP.DYN.IMRT.IN,..
"Macao SAR, China",MAC,GDP per capita (constant 2005 US$),NY.GDP.PCAP.KD,38688.8461559109
"Macedonia, FYR",MKD,"Population, total",SP.POP.TOTL,2062443
"Macedonia, FYR",MKD,"Mortality rate, infant (per 1,000 live births)",SP.DYN.IMRT.IN,8.7
"Macedonia, FYR",MKD,GDP per capita (constant 2005 US$),NY.GDP.PCAP.KD,3689.90758533798
Madagascar,MDG,"Population, total",SP.POP.TOTL,21079532
Madagascar,MDG,"Mortality rate, infant (per 1,000 live births)",SP.DYN.IMRT.IN,42.1
Madagascar,MDG,GDP per capita (constant 2005 US$),NY.GDP.PCAP.KD,275.00250416003
Malawi,MWI,"Population, total",SP.POP.TOTL,14769824
Malawi,MWI,"Mortality rate, infant (per 1,000 live births)",SP.DYN.IMRT.IN,57.5
Malawi,MWI,GDP per capita (constant 2005 US$),NY.GDP.PCAP.KD,262.318649801322
Malaysia,MYS,"Population, total",SP.POP.TOTL,28119500
Malaysia,MYS,"Mortality rate, infant (per 1,000 live births)",SP.DYN.IMRT.IN,6.8
Malaysia,MYS,GDP per capita (constant 2005 US$),NY.GDP.PCAP.KD,6354.12121555108
Maldives,MDV,"Population, total",SP.POP.TOTL,367000
Maldives,MDV,"Mortality rate, infant (per 1,000 live births)",SP.DYN.IMRT.IN,11.2
Maldives,MDV,GDP per capita (constant 2005 US$),NY.GDP.PCAP.KD,4593.23603819162
Mali,MLI,"Population, total",SP.POP.TOTL,15167286
Mali,MLI,"Mortality rate, infant (per 1,000 live births)",SP.DYN.IMRT.IN,82.9
Mali,MLI,GDP per capita (constant 2005 US$),NY.GDP.PCAP.KD,460.770849407644
Malta,MLT,"Population, total",SP.POP.TOTL,414508
Malta,MLT,"Mortality rate, infant (per 1,000 live births)",SP.DYN.IMRT.IN,5.6
Malta,MLT,GDP per capita (constant 2005 US$),NY.GDP.PCAP.KD,16227.7121116677
Marshall Islands,MHL,"Population, total",SP.POP.TOTL,52428
Marshall Islands,MHL,"Mortality rate, infant (per 1,000 live births)",SP.DYN.IMRT.IN,31.8
Marshall Islands,MHL,GDP per capita (constant 2005 US$),NY.GDP.PCAP.KD,2770.3814679086
Mauritania,MRT,"Population, total",SP.POP.TOTL,3591400
Mauritania,MRT,"Mortality rate, infant (per 1,000 live births)",SP.DYN.IMRT.IN,70.1
Mauritania,MRT,GDP per capita (constant 2005 US$),NY.GDP.PCAP.KD,779.081071333415
Mauritius,MUS,"Population, total",SP.POP.TOTL,1250400
Mauritius,MUS,"Mortality rate, infant (per 1,000 live births)",SP.DYN.IMRT.IN,13.3
Mauritius,MUS,GDP per capita (constant 2005 US$),NY.GDP.PCAP.KD,6260.92055708676
Mexico,MEX,"Population, total",SP.POP.TOTL,118617542
Mexico,MEX,"Mortality rate, infant (per 1,000 live births)",SP.DYN.IMRT.IN,14.4
Mexico,MEX,GDP per capita (constant 2005 US$),NY.GDP.PCAP.KD,8037.93805425759
"Micronesia, Fed. Sts.",FSM,"Population, total",SP.POP.TOTL,103619
"Micronesia, Fed. Sts.",FSM,"Mortality rate, infant (per 1,000 live births)",SP.DYN.IMRT.IN,32.9
"Micronesia, Fed. Sts.",FSM,GDP per capita (constant 2005 US$),NY.GDP.PCAP.KD,2378.11939090462
Moldova,MDA,"Population, total",SP.POP.TOTL,3562045
Moldova,MDA,"Mortality rate, infant (per 1,000 live births)",SP.DYN.IMRT.IN,14.7
Moldova,MDA,GDP per capita (constant 2005 US$),NY.GDP.PCAP.KD,983.167891471296
Monaco,MCO,"Population, total",SP.POP.TOTL,36845
Monaco,MCO,"Mortality rate, infant (per 1,000 live births)",SP.DYN.IMRT.IN,3.2
Monaco,MCO,GDP per capita (constant 2005 US$),NY.GDP.PCAP.KD,..
Mongolia,MNG,"Population, total",SP.POP.TOTL,2712657
Mongolia,MNG,"Mortality rate, infant (per 1,000 live births)",SP.DYN.IMRT.IN,25
Mongolia,MNG,GDP per capita (constant 2005 US$),NY.GDP.PCAP.KD,1273.24842057632
Montenegro,MNE,"Population, total",SP.POP.TOTL,619428
Montenegro,MNE,"Mortality rate, infant (per 1,000 live births)",SP.DYN.IMRT.IN,6.3
Montenegro,MNE,GDP per capita (constant 2005 US$),NY.GDP.PCAP.KD,4524.70707774018
Morocco,MAR,"Population, total",SP.POP.TOTL,32107739
Morocco,MAR,"Mortality rate, infant (per 1,000 live births)",SP.DYN.IMRT.IN,28.5
Morocco,MAR,GDP per capita (constant 2005 US$),NY.GDP.PCAP.KD,2315.07959234211
Mozambique,MOZ,"Population, total",SP.POP.TOTL,24321457
Mozambique,MOZ,"Mortality rate, infant (per 1,000 live births)",SP.DYN.IMRT.IN,71.9
Mozambique,MOZ,GDP per capita (constant 2005 US$),NY.GDP.PCAP.KD,454.461278750748
Myanmar,MMR,"Population, total",SP.POP.TOTL,51733013
Myanmar,MMR,"Mortality rate, infant (per 1,000 live births)",SP.DYN.IMRT.IN,45.8
Myanmar,MMR,GDP per capita (constant 2005 US$),NY.GDP.PCAP.KD,..
Namibia,NAM,"Population, total",SP.POP.TOTL,2193643
Namibia,NAM,"Mortality rate, infant (per 1,000 live births)",SP.DYN.IMRT.IN,37.5
Namibia,NAM,GDP per capita (constant 2005 US$),NY.GDP.PCAP.KD,4125.40192243376
Nepal,NPL,"Population, total",SP.POP.TOTL,26875910
Nepal,NPL,"Mortality rate, infant (per 1,000 live births)",SP.DYN.IMRT.IN,36.3
Nepal,NPL,GDP per capita (constant 2005 US$),NY.GDP.PCAP.KD,375.923605233915
Netherlands,NLD,"Population, total",SP.POP.TOTL,16615394
Netherlands,NLD,"Mortality rate, infant (per 1,000 live births)",SP.DYN.IMRT.IN,3.7
Netherlands,NLD,GDP per capita (constant 2005 US$),NY.GDP.PCAP.KD,43505.0243786228
New Caledonia,NCL,"Population, total",SP.POP.TOTL,250000
New Caledonia,NCL,"Mortality rate, infant (per 1,000 live births)",SP.DYN.IMRT.IN,..
New Caledonia,NCL,GDP per capita (constant 2005 US$),NY.GDP.PCAP.KD,..
New Zealand,NZL,"Population, total",SP.POP.TOTL,4350700
New Zealand,NZL,"Mortality rate, infant (per 1,000 live births)",SP.DYN.IMRT.IN,5.1
New Zealand,NZL,GDP per capita (constant 2005 US$),NY.GDP.PCAP.KD,27856.4264285261
Nicaragua,NIC,"Population, total",SP.POP.TOTL,5737722
Nicaragua,NIC,"Mortality rate, infant (per 1,000 live births)",SP.DYN.IMRT.IN,22
Nicaragua,NIC,GDP per capita (constant 2005 US$),NY.GDP.PCAP.KD,1246.861595511
Niger,NER,"Population, total",SP.POP.TOTL,16291990
Niger,NER,"Mortality rate, infant (per 1,000 live births)",SP.DYN.IMRT.IN,66.1
Niger,NER,GDP per capita (constant 2005 US$),NY.GDP.PCAP.KD,268.944209431168
Nigeria,NGA,"Population, total",SP.POP.TOTL,159424742
Nigeria,NGA,"Mortality rate, infant (per 1,000 live births)",SP.DYN.IMRT.IN,81.5
Nigeria,NGA,GDP per capita (constant 2005 US$),NY.GDP.PCAP.KD,997.447902776905
Northern Mariana Islands,MNP,"Population, total",SP.POP.TOTL,53860
Northern Mariana Islands,MNP,"Mortality rate, infant (per 1,000 live births)",SP.DYN.IMRT.IN,..
Northern Mariana Islands,MNP,GDP per capita (constant 2005 US$),NY.GDP.PCAP.KD,..
Norway,NOR,"Population, total",SP.POP.TOTL,4889252
Norway,NOR,"Mortality rate, infant (per 1,000 live births)",SP.DYN.IMRT.IN,2.6
Norway,NOR,GDP per capita (constant 2005 US$),NY.GDP.PCAP.KD,66117.0069721557
Oman,OMN,"Population, total",SP.POP.TOTL,2943747
Oman,OMN,"Mortality rate, infant (per 1,000 live births)",SP.DYN.IMRT.IN,10
Oman,OMN,GDP per capita (constant 2005 US$),NY.GDP.PCAP.KD,13983.5703164599
Pakistan,PAK,"Population, total",SP.POP.TOTL,170043918
Pakistan,PAK,"Mortality rate, infant (per 1,000 live births)",SP.DYN.IMRT.IN,73.5
Pakistan,PAK,GDP per capita (constant 2005 US$),NY.GDP.PCAP.KD,761.670940805676
Palau,PLW,"Population, total",SP.POP.TOTL,20470
Palau,PLW,"Mortality rate, infant (per 1,000 live births)",SP.DYN.IMRT.IN,16.6
Palau,PLW,GDP per capita (constant 2005 US$),NY.GDP.PCAP.KD,8041.01331575965
Panama,PAN,"Population, total",SP.POP.TOTL,3620506
Panama,PAN,"Mortality rate, infant (per 1,000 live births)",SP.DYN.IMRT.IN,17
Panama,PAN,GDP per capita (constant 2005 US$),NY.GDP.PCAP.KD,6243.14104755411
Papua New Guinea,PNG,"Population, total",SP.POP.TOTL,6847517
Papua New Guinea,PNG,"Mortality rate, infant (per 1,000 live births)",SP.DYN.IMRT.IN,50.3
Papua New Guinea,PNG,GDP per capita (constant 2005 US$),NY.GDP.PCAP.KD,949.045644859371
Paraguay,PRY,"Population, total",SP.POP.TOTL,6209877
Paraguay,PRY,"Mortality rate, infant (per 1,000 live births)",SP.DYN.IMRT.IN,20.4
Paraguay,PRY,GDP per capita (constant 2005 US$),NY.GDP.PCAP.KD,1795.22975751191
Peru,PER,"Population, total",SP.POP.TOTL,29373644
Peru,PER,"Mortality rate, infant (per 1,000 live births)",SP.DYN.IMRT.IN,16.3
Peru,PER,GDP per capita (constant 2005 US$),NY.GDP.PCAP.KD,3561.16494909627
Philippines,PHL,"Population, total",SP.POP.TOTL,93038902
Philippines,PHL,"Mortality rate, infant (per 1,000 live births)",SP.DYN.IMRT.IN,24.9
Philippines,PHL,GDP per capita (constant 2005 US$),NY.GDP.PCAP.KD,1409.49804674229
Poland,POL,"Population, total",SP.POP.TOTL,38042794
Poland,POL,"Mortality rate, infant (per 1,000 live births)",SP.DYN.IMRT.IN,5
Poland,POL,GDP per capita (constant 2005 US$),NY.GDP.PCAP.KD,10075.1119352936
Portugal,PRT,"Population, total",SP.POP.TOTL,10573100
Portugal,PRT,"Mortality rate, infant (per 1,000 live births)",SP.DYN.IMRT.IN,3.1
Portugal,PRT,GDP per capita (constant 2005 US$),NY.GDP.PCAP.KD,19240.6866792664
Puerto Rico,PRI,"Population, total",SP.POP.TOTL,3721527
Puerto Rico,PRI,"Mortality rate, infant (per 1,000 live births)",SP.DYN.IMRT.IN,..
Puerto Rico,PRI,GDP per capita (constant 2005 US$),NY.GDP.PCAP.KD,20173.8597627873
Qatar,QAT,"Population, total",SP.POP.TOTL,1765513
Qatar,QAT,"Mortality rate, infant (per 1,000 live births)",SP.DYN.IMRT.IN,7.7
Qatar,QAT,GDP per capita (constant 2005 US$),NY.GDP.PCAP.KD,59151.7523797532
Romania,ROM,"Population, total",SP.POP.TOTL,20246871
Romania,ROM,"Mortality rate, infant (per 1,000 live births)",SP.DYN.IMRT.IN,12.1
Romania,ROM,GDP per capita (constant 2005 US$),NY.GDP.PCAP.KD,5685.37197158173
Russian Federation,RUS,"Population, total",SP.POP.TOTL,142849449
Russian Federation,RUS,"Mortality rate, infant (per 1,000 live births)",SP.DYN.IMRT.IN,10.3
Russian Federation,RUS,GDP per capita (constant 2005 US$),NY.GDP.PCAP.KD,6365.21266761053
Rwanda,RWA,"Population, total",SP.POP.TOTL,10293669
Rwanda,RWA,"Mortality rate, infant (per 1,000 live births)",SP.DYN.IMRT.IN,43.8
Rwanda,RWA,GDP per capita (constant 2005 US$),NY.GDP.PCAP.KD,373.710066021829
Samoa,WSM,"Population, total",SP.POP.TOTL,186029
Samoa,WSM,"Mortality rate, infant (per 1,000 live births)",SP.DYN.IMRT.IN,16
Samoa,WSM,GDP per capita (constant 2005 US$),NY.GDP.PCAP.KD,2621.38755188501
San Marino,SMR,"Population, total",SP.POP.TOTL,30690
San Marino,SMR,"Mortality rate, infant (per 1,000 live births)",SP.DYN.IMRT.IN,3.1
San Marino,SMR,GDP per capita (constant 2005 US$),NY.GDP.PCAP.KD,..
Sao Tome and Principe,STP,"Population, total",SP.POP.TOTL,170880
Sao Tome and Principe,STP,"Mortality rate, infant (per 1,000 live births)",SP.DYN.IMRT.IN,39.8
Sao Tome and Principe,STP,GDP per capita (constant 2005 US$),NY.GDP.PCAP.KD,978.23855790103
Saudi Arabia,SAU,"Population, total",SP.POP.TOTL,28090647
Saudi Arabia,SAU,"Mortality rate, infant (per 1,000 live births)",SP.DYN.IMRT.IN,14.7
Saudi Arabia,SAU,GDP per capita (constant 2005 US$),NY.GDP.PCAP.KD,15134.793030742
Senegal,SEN,"Population, total",SP.POP.TOTL,12956791
Senegal,SEN,"Mortality rate, infant (per 1,000 live births)",SP.DYN.IMRT.IN,46.7
Senegal,SEN,GDP per capita (constant 2005 US$),NY.GDP.PCAP.KD,799.379808077972
Serbia,SRB,"Population, total",SP.POP.TOTL,7291436
Serbia,SRB,"Mortality rate, infant (per 1,000 live births)",SP.DYN.IMRT.IN,6.6
Serbia,SRB,GDP per capita (constant 2005 US$),NY.GDP.PCAP.KD,4106.57044463753
Seychelles,SYC,"Population, total",SP.POP.TOTL,89770
Seychelles,SYC,"Mortality rate, infant (per 1,000 live births)",SP.DYN.IMRT.IN,12.2
Seychelles,SYC,GDP per capita (constant 2005 US$),NY.GDP.PCAP.KD,12681.2845048229
Sierra Leone,SLE,"Population, total",SP.POP.TOTL,5775902
Sierra Leone,SLE,"Mortality rate, infant (per 1,000 live births)",SP.DYN.IMRT.IN,107
Sierra Leone,SLE,GDP per capita (constant 2005 US$),NY.GDP.PCAP.KD,368.211144197811
Singapore,SGP,"Population, total",SP.POP.TOTL,5076700
Singapore,SGP,"Mortality rate, infant (per 1,000 live births)",SP.DYN.IMRT.IN,2.2
Singapore,SGP,GDP per capita (constant 2005 US$),NY.GDP.PCAP.KD,34758.3521263051
Sint Maarten (Dutch part),SXM,"Population, total",SP.POP.TOTL,35474
Sint Maarten (Dutch part),SXM,"Mortality rate, infant (per 1,000 live births)",SP.DYN.IMRT.IN,..
Sint Maarten (Dutch part),SXM,GDP per capita (constant 2005 US$),NY.GDP.PCAP.KD,..
Slovak Republic,SVK,"Population, total",SP.POP.TOTL,5391428
Slovak Republic,SVK,"Mortality rate, infant (per 1,000 live births)",SP.DYN.IMRT.IN,7
Slovak Republic,SVK,GDP per capita (constant 2005 US$),NY.GDP.PCAP.KD,14623.6020644913
Slovenia,SVN,"Population, total",SP.POP.TOTL,2048583
Slovenia,SVN,"Mortality rate, infant (per 1,000 live births)",SP.DYN.IMRT.IN,2.7
Slovenia,SVN,GDP per capita (constant 2005 US$),NY.GDP.PCAP.KD,19330.490048201
Solomon Islands,SLB,"Population, total",SP.POP.TOTL,526177
Solomon Islands,SLB,"Mortality rate, infant (per 1,000 live births)",SP.DYN.IMRT.IN,26.6
Solomon Islands,SLB,GDP per capita (constant 2005 US$),NY.GDP.PCAP.KD,984.727367046706
Somalia,SOM,"Population, total",SP.POP.TOTL,9581714
Somalia,SOM,"Mortality rate, infant (per 1,000 live births)",SP.DYN.IMRT.IN,97.8
Somalia,SOM,GDP per capita (constant 2005 US$),NY.GDP.PCAP.KD,..
South Africa,ZAF,"Population, total",SP.POP.TOTL,50791808
South Africa,ZAF,"Mortality rate, infant (per 1,000 live births)",SP.DYN.IMRT.IN,38.2
South Africa,ZAF,GDP per capita (constant 2005 US$),NY.GDP.PCAP.KD,5910.66852302129
South Sudan,SSD,"Population, total",SP.POP.TOTL,10056475
South Sudan,SSD,"Mortality rate, infant (per 1,000 live births)",SP.DYN.IMRT.IN,70.6
South Sudan,SSD,GDP per capita (constant 2005 US$),NY.GDP.PCAP.KD,..
Spain,ESP,"Population, total",SP.POP.TOTL,46576897
Spain,ESP,"Mortality rate, infant (per 1,000 live births)",SP.DYN.IMRT.IN,3.9
Spain,ESP,GDP per capita (constant 2005 US$),NY.GDP.PCAP.KD,26191.9738778
Sri Lanka,LKA,"Population, total",SP.POP.TOTL,20653000
Sri Lanka,LKA,"Mortality rate, infant (per 1,000 live births)",SP.DYN.IMRT.IN,9.4
Sri Lanka,LKA,GDP per capita (constant 2005 US$),NY.GDP.PCAP.KD,1610.11527706805
St. Kitts and Nevis,KNA,"Population, total",SP.POP.TOTL,52352
St. Kitts and Nevis,KNA,"Mortality rate, infant (per 1,000 live births)",SP.DYN.IMRT.IN,10
St. Kitts and Nevis,KNA,GDP per capita (constant 2005 US$),NY.GDP.PCAP.KD,10746.6201772994
St. Lucia,LCA,"Population, total",SP.POP.TOTL,177397
St. Lucia,LCA,"Mortality rate, infant (per 1,000 live births)",SP.DYN.IMRT.IN,14.1
St. Lucia,LCA,GDP per capita (constant 2005 US$),NY.GDP.PCAP.KD,5844.34134146775
St. Martin (French part),MAF,"Population, total",SP.POP.TOTL,30235
St. Martin (French part),MAF,"Mortality rate, infant (per 1,000 live births)",SP.DYN.IMRT.IN,..
St. Martin (French part),MAF,GDP per capita (constant 2005 US$),NY.GDP.PCAP.KD,..
St. Vincent and the Grenadines,VCT,"Population, total",SP.POP.TOTL,109316
St. Vincent and the Grenadines,VCT,"Mortality rate, infant (per 1,000 live births)",SP.DYN.IMRT.IN,18.6
St. Vincent and the Grenadines,VCT,GDP per capita (constant 2005 US$),NY.GDP.PCAP.KD,5388.2784179183
Sudan,SDN,"Population, total",SP.POP.TOTL,36114885
Sudan,SDN,"Mortality rate, infant (per 1,000 live births)",SP.DYN.IMRT.IN,53.3
Sudan,SDN,GDP per capita (constant 2005 US$),NY.GDP.PCAP.KD,812.037290366054
Suriname,SUR,"Population, total",SP.POP.TOTL,518141
Suriname,SUR,"Mortality rate, infant (per 1,000 live births)",SP.DYN.IMRT.IN,22.1
Suriname,SUR,GDP per capita (constant 2005 US$),NY.GDP.PCAP.KD,4262.95009741023
Swaziland,SWZ,"Population, total",SP.POP.TOTL,1193148
Swaziland,SWZ,"Mortality rate, infant (per 1,000 live births)",SP.DYN.IMRT.IN,59.1
Swaziland,SWZ,GDP per capita (constant 2005 US$),NY.GDP.PCAP.KD,2440.63693696663
Sweden,SWE,"Population, total",SP.POP.TOTL,9378126
Sweden,SWE,"Mortality rate, infant (per 1,000 live births)",SP.DYN.IMRT.IN,2.5
Sweden,SWE,GDP per capita (constant 2005 US$),NY.GDP.PCAP.KD,44877.9104974115
Switzerland,CHE,"Population, total",SP.POP.TOTL,7824909
Switzerland,CHE,"Mortality rate, infant (per 1,000 live births)",SP.DYN.IMRT.IN,3.9
Switzerland,CHE,GDP per capita (constant 2005 US$),NY.GDP.PCAP.KD,58138.6312064474
Syrian Arab Republic,SYR,"Population, total",SP.POP.TOTL,20720602
Syrian Arab Republic,SYR,"Mortality rate, infant (per 1,000 live births)",SP.DYN.IMRT.IN,13.2
Syrian Arab Republic,SYR,GDP per capita (constant 2005 US$),NY.GDP.PCAP.KD,..
Tajikistan,TJK,"Population, total",SP.POP.TOTL,7581696
Tajikistan,TJK,"Mortality rate, infant (per 1,000 live births)",SP.DYN.IMRT.IN,44.7
Tajikistan,TJK,GDP per capita (constant 2005 US$),NY.GDP.PCAP.KD,419.620869420397
Tanzania,TZA,"Population, total",SP.POP.TOTL,45648525
Tanzania,TZA,"Mortality rate, infant (per 1,000 live births)",SP.DYN.IMRT.IN,42.4
Tanzania,TZA,GDP per capita (constant 2005 US$),NY.GDP.PCAP.KD,512.99016677126
Thailand,THA,"Population, total",SP.POP.TOTL,66692024
Thailand,THA,"Mortality rate, infant (per 1,000 live births)",SP.DYN.IMRT.IN,12.5
Thailand,THA,GDP per capita (constant 2005 US$),NY.GDP.PCAP.KD,3410.4276492914
Timor-Leste,TMP,"Population, total",SP.POP.TOTL,1066409
Timor-Leste,TMP,"Mortality rate, infant (per 1,000 live births)",SP.DYN.IMRT.IN,53.1
Timor-Leste,TMP,GDP per capita (constant 2005 US$),NY.GDP.PCAP.KD,682.596437320938
Togo,TGO,"Population, total",SP.POP.TOTL,6390851
Togo,TGO,"Mortality rate, infant (per 1,000 live births)",SP.DYN.IMRT.IN,59.3
Togo,TGO,GDP per capita (constant 2005 US$),NY.GDP.PCAP.KD,387.640032188359
Tonga,TON,"Population, total",SP.POP.TOTL,103947
Tonga,TON,"Mortality rate, infant (per 1,000 live births)",SP.DYN.IMRT.IN,15
Tonga,TON,GDP per capita (constant 2005 US$),NY.GDP.PCAP.KD,2535.39176062703
Trinidad and Tobago,TTO,"Population, total",SP.POP.TOTL,1328095
Trinidad and Tobago,TTO,"Mortality rate, infant (per 1,000 live births)",SP.DYN.IMRT.IN,21
Trinidad and Tobago,TTO,GDP per capita (constant 2005 US$),NY.GDP.PCAP.KD,14093.9631973705
Tunisia,TUN,"Population, total",SP.POP.TOTL,10547100
Tunisia,TUN,"Mortality rate, infant (per 1,000 live births)",SP.DYN.IMRT.IN,14.9
Tunisia,TUN,GDP per capita (constant 2005 US$),NY.GDP.PCAP.KD,3820.67827506389
Turkey,TUR,"Population, total",SP.POP.TOTL,72310416
Turkey,TUR,"Mortality rate, infant (per 1,000 live births)",SP.DYN.IMRT.IN,16.4
Turkey,TUR,GDP per capita (constant 2005 US$),NY.GDP.PCAP.KD,7814.80123671822
Turkmenistan,TKM,"Population, total",SP.POP.TOTL,5041995
Turkmenistan,TKM,"Mortality rate, infant (per 1,000 live births)",SP.DYN.IMRT.IN,50.4
Turkmenistan,TKM,GDP per capita (constant 2005 US$),NY.GDP.PCAP.KD,2632.4274469547
Turks and Caicos Islands,TCA,"Population, total",SP.POP.TOTL,30993
Turks and Caicos Islands,TCA,"Mortality rate, infant (per 1,000 live births)",SP.DYN.IMRT.IN,..
Turks and Caicos Islands,TCA,GDP per capita (constant 2005 US$),NY.GDP.PCAP.KD,..
Tuvalu,TUV,"Population, total",SP.POP.TOTL,9827
Tuvalu,TUV,"Mortality rate, infant (per 1,000 live births)",SP.DYN.IMRT.IN,26.3
Tuvalu,TUV,GDP per capita (constant 2005 US$),NY.GDP.PCAP.KD,2423.26148623575
Uganda,UGA,"Population, total",SP.POP.TOTL,33149417
Uganda,UGA,"Mortality rate, infant (per 1,000 live births)",SP.DYN.IMRT.IN,49.5
Uganda,UGA,GDP per capita (constant 2005 US$),NY.GDP.PCAP.KD,400.453445997817
Ukraine,UKR,"Population, total",SP.POP.TOTL,45870700
Ukraine,UKR,"Mortality rate, infant (per 1,000 live births)",SP.DYN.IMRT.IN,10.1
Ukraine,UKR,GDP per capita (constant 2005 US$),NY.GDP.PCAP.KD,1974.62118219122
United Arab Emirates,ARE,"Population, total",SP.POP.TOTL,8329453
United Arab Emirates,ARE,"Mortality rate, infant (per 1,000 live births)",SP.DYN.IMRT.IN,7.3
United Arab Emirates,ARE,GDP per capita (constant 2005 US$),NY.GDP.PCAP.KD,24423.5239752849
United Kingdom,GBR,"Population, total",SP.POP.TOTL,62766365
United Kingdom,GBR,"Mortality rate, infant (per 1,000 live births)",SP.DYN.IMRT.IN,4.4
United Kingdom,GBR,GDP per capita (constant 2005 US$),NY.GDP.PCAP.KD,39300.9670224657
United States,USA,"Population, total",SP.POP.TOTL,309347057
United States,USA,"Mortality rate, infant (per 1,000 live births)",SP.DYN.IMRT.IN,6.3
United States,USA,GDP per capita (constant 2005 US$),NY.GDP.PCAP.KD,43961.1684770664
Uruguay,URY,"Population, total",SP.POP.TOTL,3374414
Uruguay,URY,"Mortality rate, infant (per 1,000 live births)",SP.DYN.IMRT.IN,10.6
Uruguay,URY,GDP per capita (constant 2005 US$),NY.GDP.PCAP.KD,6873.31226156488
Uzbekistan,UZB,"Population, total",SP.POP.TOTL,28562400
Uzbekistan,UZB,"Mortality rate, infant (per 1,000 live births)",SP.DYN.IMRT.IN,39.6
Uzbekistan,UZB,GDP per capita (constant 2005 US$),NY.GDP.PCAP.KD,755.322265180338
Vanuatu,VUT,"Population, total",SP.POP.TOTL,236299
Vanuatu,VUT,"Mortality rate, infant (per 1,000 live births)",SP.DYN.IMRT.IN,23.9
Vanuatu,VUT,GDP per capita (constant 2005 US$),NY.GDP.PCAP.KD,2131.09353590393
"Venezuela, RB",VEN,"Population, total",SP.POP.TOTL,28995745
"Venezuela, RB",VEN,"Mortality rate, infant (per 1,000 live births)",SP.DYN.IMRT.IN,14.3
"Venezuela, RB",VEN,GDP per capita (constant 2005 US$),NY.GDP.PCAP.KD,6019.88035057899
Vietnam,VNM,"Population, total",SP.POP.TOTL,86932500
Vietnam,VNM,"Mortality rate, infant (per 1,000 live births)",SP.DYN.IMRT.IN,19.8
Vietnam,VNM,GDP per capita (constant 2005 US$),NY.GDP.PCAP.KD,900.493692666723
Virgin Islands (U.S.),VIR,"Population, total",SP.POP.TOTL,106267
Virgin Islands (U.S.),VIR,"Mortality rate, infant (per 1,000 live births)",SP.DYN.IMRT.IN,..
Virgin Islands (U.S.),VIR,GDP per capita (constant 2005 US$),NY.GDP.PCAP.KD,..
West Bank and Gaza,WBG,"Population, total",SP.POP.TOTL,3811102
West Bank and Gaza,WBG,"Mortality rate, infant (per 1,000 live births)",SP.DYN.IMRT.IN,20.2
West Bank and Gaza,WBG,GDP per capita (constant 2005 US$),NY.GDP.PCAP.KD,1344.97880815801
"Yemen, Rep.",YEM,"Population, total",SP.POP.TOTL,23591972
"Yemen, Rep.",YEM,"Mortality rate, infant (per 1,000 live births)",SP.DYN.IMRT.IN,42.4
"Yemen, Rep.",YEM,GDP per capita (constant 2005 US$),NY.GDP.PCAP.KD,847.283175191585
Zambia,ZMB,"Population, total",SP.POP.TOTL,13917439
Zambia,ZMB,"Mortality rate, infant (per 1,000 live births)",SP.DYN.IMRT.IN,52.9
Zambia,ZMB,GDP per capita (constant 2005 US$),NY.GDP.PCAP.KD,908.747917053833
Zimbabwe,ZWE,"Population, total",SP.POP.TOTL,13973897
Zimbabwe,ZWE,"Mortality rate, infant (per 1,000 live births)",SP.DYN.IMRT.IN,55.8
Zimbabwe,ZWE,GDP per capita (constant 2005 US$),NY.GDP.PCAP.KD,372.287290164412
,,,,
,,,,
,,,,
Data from database: World Development Indicators,,,,
Last Updated: 12/22/2015,,,,
